Source Name,Category,Feed URL
BBC Sport (Global),Global News,https://feeds.bbci.co.uk/sport/football/rss.xml
BBC Sport (PL),Premier League,https://feeds.bbci.co.uk/sport/football/premier-league/rss.xml
Sky Sports,Global News,https://www.skysports.com/rss/11095
Sky Sports Transfer,Transfers,https://www.skysports.com/rss/11096
ESPN Soccer,Global News,https://www.espn.com/espn/rss/soccer/news
Reuters (Proxy),Wire Service,https://news.google.com/rss/search?q=site:reuters.com+soccer
Arseblog,Arsenal,https://arseblog.com/feed
Empire of the Kop,Liverpool,https://www.empireofthekop.com/feed
The Busby Babe,Man Utd,https://thebusbybabe.sbnation.com/rss/current.xml
We Ain't Got No History,Chelsea,https://weaintgotnohistory.sbnation.com/rss/current.xml
Cartilage Free Captain,Spurs,https://cartilagefreecaptain.sbnation.com/rss/current.xml
Bitter and Blue,Man City,https://bitterandblue.sbnation.com/rss/current.xml
Football365,Opinion,https://www.football365.com/feed
CaughtOffside,Rumors,https://caughtoffside.com/feed
The Guardian,Features,https://www.theguardian.com/football/rss
The Athletic,Features,https://theathletic.com/feed
Reddit - Arsenal (r/Gunners),Arsenal,https://www.reddit.com/r/Gunners/.rss
Reddit - Aston Villa (r/avfc),Aston Villa,https://www.reddit.com/r/avfc/.rss
Reddit - Bournemouth (r/AFCBournemouth),Bournemouth,https://www.reddit.com/r/AFCBournemouth/.rss
Reddit - Brentford (r/Brentford),Brentford,https://www.reddit.com/r/Brentford/.rss
Reddit - Brighton & Hove Albion (r/BrightonHoveAlbion),Brighton & Hove Albion,https://www.reddit.com/r/BrightonHoveAlbion/.rss
Reddit - Chelsea (r/chelseafc),Chelsea,https://www.reddit.com/r/chelseafc/.rss
Reddit - Crystal Palace (r/CrystalPalace),Crystal Palace,https://www.reddit.com/r/CrystalPalace/.rss
Reddit - Everton (r/Everton),Everton,https://www.reddit.com/r/Everton/.rss
Reddit - Fulham (r/FulhamFC),Fulham,https://www.reddit.com/r/FulhamFC/.rss
Reddit - Ipswich Town (r/IpswichTownFC),Ipswich Town,https://www.reddit.com/r/IpswichTownFC/.rss
Reddit - Leicester City (r/lcfc),Leicester City,https://www.reddit.com/r/lcfc/.rss
Reddit - Liverpool (r/LiverpoolFC),Liverpool,https://www.reddit.com/r/LiverpoolFC/.rss
Reddit - Manchester City (r/MCFC),Man City,https://www.reddit.com/r/MCFC/.rss
Reddit - Manchester United (r/reddevils),Man Utd,https://www.reddit.com/r/reddevils/.rss
Reddit - Newcastle United (r/NUFC),Newcastle United,https://www.reddit.com/r/NUFC/.rss
Reddit - Nottingham Forest (r/nffc),Nottingham Forest,https://www.reddit.com/r/nffc/.rss
Reddit - Southampton (r/SaintsFC),Southampton,https://www.reddit.com/r/SaintsFC/.rss
Reddit - Tottenham Hotspur (r/coys),Spurs,https://www.reddit.com/r/coys/.rss
Reddit - West Ham United (r/Hammers),West Ham United,https://www.reddit.com/r/Hammers/.rss
Reddit - Wolverhampton Wanderers (r/WWFC),Wolverhampton Wanderers,https://www.reddit.com/r/WWFC/.rss
Reddit - Premier League (r/PremierLeague),Premier League,https://www.reddit.com/r/PremierLeague/.rss
Reddit - Global Football (r/soccer),Global News,https://www.reddit.com/r/soccer/.rss
Sky Sports Championship,Championship,https://www.skysports.com/rss/11688
Football League World,Championship,https://footballleagueworld.co.uk/feed/
Reddit - Sheffield United (r/SheffieldUnited),Sheff Utd,https://www.reddit.com/r/SheffieldUnited/.rss
Reddit - Oxford United (r/OxfordUnited),Oxford Utd,https://www.reddit.com/r/OxfordUnited/.rss
Reddit - Blackburn Rovers (r/brfc),Blackburn,https://www.reddit.com/r/brfc/.rss
Reddit - Charlton Athletic (r/CharltonAthletic),Charlton,https://www.reddit.com/r/CharltonAthletic/.rss
Reddit - QPR (r/superhoops),QPR,https://www.reddit.com/r/superhoops/.rss
Reddit - Sheffield Wednesday (r/SheffieldWednesday),Sheff Wed,https://www.reddit.com/r/SheffieldWednesday/.rss
Reddit - Hull City (r/HullCity),Hull,https://www.reddit.com/r/HullCity/.rss
Reddit - Watford (r/Watford_FC),Watford,https://www.reddit.com/r/Watford_FC/.rss
Reddit - Norwich City (r/NorwichCity),Norwich,https://www.reddit.com/r/NorwichCity/.rss
The Pink Un (Norwich City),Norwich,https://www.pinkun.com/sport/norwich-city/rss/
Reddit - Stoke City (r/StokeCityFC),Stoke,https://www.reddit.com/r/StokeCityFC/.rss
Reddit - Millwall (r/Millwall),Millwall,https://www.reddit.com/r/Millwall/.rss
Reddit - Swansea City (r/swanseacity),Swansea,https://www.reddit.com/r/swanseacity/.rss
Reddit - Derby County (r/DerbyCounty),Derby,https://www.reddit.com/r/DerbyCounty/.rss
Reddit - Wrexham (r/WrexhamAFC),Wrexham,https://www.reddit.com/r/WrexhamAFC/.rss
Reddit - Middlesbrough (r/Boro),Middlesbrough,https://www.reddit.com/r/Boro/.rss
Reddit - Southampton (r/SaintsFC),Southampton,https://www.reddit.com/r/SaintsFC/.rss
Reddit - Portsmouth (r/PortsmouthFC),Portsmouth,https://www.reddit.com/r/PortsmouthFC/.rss
Reddit - Ipswich Town (r/IpswichTownFC),Ipswich,https://www.reddit.com/r/IpswichTownFC/.rss
Reddit - Leicester City (r/lcfc),Leicester,https://www.reddit.com/r/lcfc/.rss
Reddit - West Brom (r/WBAfootball),West Brom,https://www.reddit.com/r/WBAfootball/.rss
Reddit - Birmingham City (r/BCFC),Birmingham,https://www.reddit.com/r/BCFC/.rss
Reddit - Coventry City (r/ccfc),Coventry,https://www.reddit.com/r/ccfc/.rss
Reddit - Bristol City (r/BristolCity),Bristol City,https://www.reddit.com/r/BristolCity/.rss
Reddit - Preston North End (r/PNE),Preston,https://www.reddit.com/r/PNE/.rss